,tick,num_streak,streak_start_date,streak_end_date,payout_period,lastest_amount,incremental_percentage,number_survive_proof,latest_survive_streak,number_survive_years
0,CHSCL,30,03/13/2015,06/16/2022,2.9,0.46875,26.760449117341636,1,2015,7
1,RGCO,117,04/11/1994,07/14/2022,2.8974358974358974,0.195,1425.4237288135594,3,1994,28
2,PLBC,8,07/30/2020,04/29/2022,3.0,0.16,16.666666666666686,1,2020,23
3,GREEL,1,04/13/2022,04/13/2022,0.0,0.53125,0.0,0,2022,0
4,CASS,13,06/03/2019,06/02/2022,3.0,0.28,3.8461538461538396,1,2019,26
5,CGABL,6,07/29/2021,10/31/2022,2.5,0.2890625,0.0,0,2021,1
6,PVBC,8,07/29/2020,05/12/2022,3.125,0.04,33.33333333333334,1,2020,3
7,TANNZ,18,06/28/2018,09/29/2022,3.0,0.5,0.0,1,2018,0
8,HLNE,21,06/22/2017,06/14/2022,2.857142857142857,0.4,29.411764705882376,1,2017,5
9,EMKR,1,08/01/2016,08/01/2016,0.0,1.5,0.0,0,2016,6
10,OPINL,9,11/12/2020,11/14/2022,2.6666666666666665,0.3984375,0.0,1,2020,0
11,BJRI,10,11/10/2017,03/09/2020,2.8,0.13,9.090909090909093,1,2017,5
12,ALGT,22,03/02/2015,02/28/2020,2.8181818181818183,0.7,450.0,1,2015,12
13,IRMD,1,02/16/2022,02/16/2022,0.0,1.0,0.0,0,2022,0
14,SQFT,7,11/20/2020,06/09/2022,2.7142857142857144,0.106,1.0000000000000142,1,2020,2
15,SSRM,6,03/04/2021,05/12/2022,2.3333333333333335,0.07,40.0,0,2021,1
16,CSPI,5,02/27/2019,02/27/2020,2.6,0.15,0.0,1,2019,22
17,NEWT,30,06/25/2015,06/16/2022,2.9,0.75,438.0,1,2015,13
18,HWBK,2,12/14/2021,03/14/2022,3.0,0.15,0.0,0,2021,22
19,KOSS,52,09/26/2001,03/27/2014,2.8846153846153846,0.06,769.230769230769,2,2001,21
20,ORRF,28,08/05/2015,04/29/2022,2.9642857142857144,0.19,20.0,1,2015,0
21,SBSI,64,08/29/2006,05/18/2022,3.0,0.34,165.0,2,2006,24
22,BTCS,1,03/16/2022,03/16/2022,0.0,0.05,0.0,0,2022,0
23,AMOT,43,11/14/2011,05/18/2022,3.0,0.025,25.0,1,2011,29
24,FBNC,125,06/24/1991,06/29/2022,3.0,0.22,69.23076923076923,3,1991,34
25,GEGGL,6,09/14/2022,12/14/2023,2.5,0.45816,1.1247740409292675,0,2022,0
26,WEN,67,11/03/2005,05/31/2022,3.0,0.125,100.0,2,2005,22
27,WIRE,63,01/03/2007,06/30/2022,2.9365079365079363,0.02,0.0,2,2007,15
28,PCH,52,03/03/2010,06/02/2022,2.8846153846153846,0.44,809.0909090909091,1,2010,22
29,TTWO,1,09/25/2008,09/25/2008,0.0,0.0001,0.0,1,2008,14
30,MPB,17,08/07/2018,05/09/2022,2.823529411764706,0.2,280.0,1,2018,22
31,NLOK,39,06/17/2013,06/07/2022,2.769230769230769,0.125,9500.0,1,2013,9
32,PLCE,24,03/25/2014,12/13/2019,2.875,0.56,100.0,0,2014,8
33,TRMD,2,05/01/2020,08/26/2020,1.5,0.85,750.0,1,2020,2
34,ATRI,78,11/26/2003,06/14/2022,2.8846153846153846,1.95,1685.7142857142856,2,2003,34
35,EXPI,4,08/13/2021,05/13/2022,2.25,0.04,0.0,0,2021,1
36,BCML,2,03/10/2022,06/16/2022,1.5,0.05,0.0,0,2022,0
37,SIGA,1,05/16/2022,05/16/2022,0.0,0.45,0.0,0,2022,0
38,SSBK,3,11/02/2021,05/03/2022,2.0,0.09,0.0,0,2021,1
39,PWP,4,09/02/2021,05/18/2022,2.0,0.07,0.0,0,2021,1
40,MDRR,4,10/22/2021,07/15/2022,3.0,0.02,0.0,0,2021,4
41,NDSN,135,11/18/1988,05/23/2022,2.977777777777778,0.51,30.769230769230774,4,1988,34
42,BNTX,1,06/02/2022,06/02/2022,0.0,2.111,0.0,0,2022,0
43,BLMN,1,05/10/2022,05/10/2022,2.0,0.14,0.0,0,2022,7
44,STRS,1,03/29/2017,03/29/2017,0.0,1.0,0.0,0,2017,5
45,ASRV,36,08/01/2013,05/06/2022,3.0,0.03,50.0,1,2013,32
46,SOHON,3,06/28/2019,12/30/2019,2.0,0.515625,23.28742557922675,0,2019,3
47,IBCP,32,08/01/2014,05/04/2022,3.03125,0.22,33.33333333333334,1,2014,34
48,DMLP,76,07/24/2003,04/29/2022,3.0,0.753926,121.94137596899225,2,2003,34
49,CBNK,4,07/29/2021,05/06/2022,2.5,0.05,0.0,0,2021,1
50,ILPT,17,04/27/2018,04/22/2022,2.823529411764706,0.33,22.222222222222214,1,2018,4
51,BSRR,93,07/20/1999,04/29/2022,2.935483870967742,0.23,125.0,3,1999,23
52,ABTX,10,02/27/2020,05/27/2022,2.7,0.14,20.0,1,2020,2
53,CHW,176,08/09/2007,06/10/2022,1.0113636363636365,0.07,24.0,2,2007,0
54,REG,88,08/09/2000,06/14/2022,2.977272727272727,0.625,10.924369747899163,3,2000,22
55,LRFC,70,12/06/2013,03/20/2020,1.0714285714285714,0.0833,31.908104658583255,1,2013,9
56,JRSH,15,11/16/2018,05/26/2022,2.8,0.05,0.0,1,2018,4
57,LKFN,95,10/07/1998,04/22/2022,3.0,0.4,22.22222222222223,3,1998,25
58,CHCO,80,10/11/2002,07/14/2022,3.0,0.6,33.33333333333334,2,2002,34
59,RNDB,2,11/08/2021,02/07/2022,1.5,2.15,1333.3333333333335,0,2021,1
60,KLAC,70,04/28/2005,05/13/2022,2.9285714285714284,1.05,3200.0,2,2005,17
61,RILYK,7,04/14/2021,10/13/2022,2.5714285714285716,0.34375,190.32257519629184,0,2021,1
62,TANNL,32,02/11/2015,11/14/2022,2.90625,0.5,25.003125078126956,1,2015,7
63,STLD,73,07/22/2004,06/29/2022,2.9452054794520546,0.34,100.0,2,2004,18
64,LFVN,1,05/16/2022,05/16/2022,0.0,0.03,0.0,0,2022,0
65,ULTA,1,03/16/2012,03/16/2012,0.0,1.0,0.0,0,2012,10
66,STEP,6,03/18/2021,06/14/2022,2.5,0.2,114.28571428571428,0,2021,1
67,IBKR,45,08/30/2011,05/31/2022,2.933333333333333,0.1,900.0,1,2011,12
68,CHSCN,33,06/12/2014,06/16/2022,2.909090909090909,0.44375,0.0,1,2014,8
69,CSWI,13,05/07/2019,04/28/2022,2.6923076923076925,0.17,13.333333333333343,1,2019,3
70,LARK,99,10/30/1997,05/10/2022,3.01010101010101,0.21,100.0,3,1997,28
71,AFCG,5,06/14/2021,06/29/2022,2.4,0.56,16.279069767441868,0,2021,1
72,NBTB,89,05/30/2000,05/31/2022,3.0,0.28,11.764705882352928,3,2000,30
73,RRBI,10,03/13/2020,06/10/2022,2.7,0.07,16.666666666666686,1,2020,2
74,ASTE,36,08/09/2013,05/12/2022,3.0,0.12,10.0,1,2013,10
75,MELI,28,03/29/2011,12/28/2017,2.892857142857143,0.15,45.63106796116506,0,2011,11
76,CDW,35,11/13/2013,05/24/2022,2.914285714285714,0.5,59.25925925925924,1,2013,9
77,NXGN,35,06/13/2007,12/09/2015,3.0285714285714285,0.175,20.0,1,2007,17
78,ARTNA,105,08/07/1996,08/08/2022,2.9714285714285715,0.2729,10.869565217391298,3,1996,26
79,WING,22,12/01/2017,05/19/2022,2.590909090909091,0.17,4428.571428571428,1,2017,6
80,CPSI,71,05/07/2003,08/14/2020,2.915492957746479,0.1,117.39130434782606,2,2003,19
81,NFBK,37,05/06/2013,05/10/2022,3.0,0.13,416.66666666666674,1,2013,14
82,RTLR,11,11/14/2019,05/12/2022,2.727272727272727,0.3,25.0,1,2019,3
83,BHFAO,8,09/09/2020,06/09/2022,2.625,0.421875,0.0,1,2020,2
84,MLAB,75,11/26/2003,05/27/2022,2.96,0.16,433.33333333333337,2,2003,19
85,ASO,2,03/16/2022,06/15/2022,1.5,0.075,0.0,0,2022,0
86,CSQ,214,06/09/2004,06/10/2022,1.0093457943925233,0.1025,38.82926829268294,2,2004,0
87,CSSEN,20,09/14/2020,06/12/2025,2.85,0.59375,23.69791666666667,1,2020,2
88,EVGBC,76,05/02/2016,01/03/2023,0.9736842105263158,0.0,900.0000000000002,1,2016,0
89,FITBO,11,12/26/2019,06/27/2022,2.727272727272727,0.30938,0.0,1,2019,3
90,REFI,2,03/30/2022,06/29/2022,1.5,0.47,17.5,0,2022,0
91,RILY,23,11/25/2016,05/10/2022,3.0,1.0,833.3333333333334,1,2016,8
92,CNNB,1,04/29/2022,04/29/2022,0.0,1.0,0.0,0,2022,0
93,AMWD,61,09/11/1996,06/09/2011,2.901639344262295,0.09,100.0,2,1996,26
94,PAAS,47,11/17/2010,05/23/2022,3.0,0.12,150.0,1,2010,12
95,CATY,126,01/07/1991,05/26/2022,2.984126984126984,0.34,400.0,3,1991,31
96,HNNAZ,2,03/14/2022,06/14/2022,1.5,0.3046875,1.5625,0,2022,0
97,RAVE,13,10/08/1997,10/04/2000,2.769230769230769,0.06,0.0,0,1997,25
98,FWP,1,09/12/2017,09/12/2017,0.0,23.123008,0.0,0,2017,5
99,HAFC,35,12/05/2013,05/06/2022,3.0,0.22,66.66666666666669,1,2013,19
100,HVBC,1,03/07/2018,03/07/2018,0.0,0.5,0.0,0,2018,4
101,VBTX,14,02/06/2019,05/12/2022,2.7857142857142856,0.2,36.0,1,2019,3
102,LEE,13,08/30/2005,08/28/2008,3.0,0.19,5.555555555555557,1,2005,22
103,EBIX,33,05/28/2014,06/02/2022,3.0303030303030303,0.075,0.0,1,2014,11
104,BPRN,15,11/02/2018,05/05/2022,2.8,0.25,233.33333333333337,1,2018,4
105,EPSN,2,03/07/2022,06/14/2022,1.5,0.0625,0.0,0,2022,0
106,HMPT,4,08/19/2021,05/23/2022,2.25,0.04,0.0,0,2021,1
107,CZNC,56,07/01/2008,04/29/2022,3.017857142857143,0.28,37.03703703703704,2,2008,23
108,MGRC,128,04/10/1990,07/14/2022,2.9765625,0.455,30.769230769230774,4,1990,32
109,CHRW,100,12/10/1997,06/02/2022,2.94,0.55,50.0,3,1997,25
110,PARAA,66,02/24/2006,06/14/2022,2.9696969696969697,0.24,100.0,2,2006,16
111,CMCT,96,12/29/1999,06/16/2022,2.84375,0.085,55850.0,3,1999,28
112,MCFT,1,06/13/2016,06/13/2016,0.0,4.3,0.0,0,2016,6
113,CTBI,96,09/11/1998,06/14/2022,2.9791666666666665,0.4,9.523809523809533,3,1998,34
114,PNFP,35,11/22/2013,05/05/2022,2.914285714285714,0.22,50.0,1,2013,9
115,NWE,70,03/22/2005,06/14/2022,2.9571428571428573,0.63,24.0,2,2005,17
116,DNUT,4,10/26/2021,07/26/2022,2.25,0.035,0.0,0,2021,1
117,DXYN,2,05/13/1998,09/10/1998,3.0,0.05,0.0,0,1998,34
118,HSII,36,07/31/2013,05/05/2022,3.0,0.15,15.384615384615387,1,2013,15
119,HAS,89,10/30/2000,07/29/2022,2.932584269662921,0.7,100.0,3,2000,22
120,LANC,135,12/05/1988,06/08/2022,2.977777777777778,0.8,1394.4444444444446,4,1988,34
121,SWKS,33,05/09/2014,05/23/2022,2.909090909090909,0.56,100.0,1,2014,8
122,GOOD,215,12/29/2003,06/21/2022,1.0325581395348837,0.1254,1100.0,2,2003,19
123,CTRN,19,08/28/2015,03/02/2020,2.8947368421052633,0.08,33.33333333333334,1,2015,7
124,WW,31,03/22/2006,09/25/2013,2.903225806451613,0.175,0.0,1,2006,16
125,RCII,11,01/03/2020,06/17/2022,3.0,0.34,15.999999999999986,1,2020,12
126,SPOK,63,02/20/2007,05/24/2022,2.9523809523809526,0.3125,400.0,2,2007,17
127,ODP,15,08/23/2016,02/28/2020,2.8,0.025,0.0,1,2016,6
128,LAND,113,02/13/2013,06/21/2022,0.9911504424778761,0.0454,275.0,1,2013,9
129,GRIN,3,12/02/2021,06/09/2022,2.0,0.47,0.0,0,2021,1
130,MSBI,24,08/10/2016,05/12/2022,2.875,0.29,11.111111111111114,1,2016,6
131,UVSP,5,05/11/2021,05/10/2022,3.0,0.21,5.0,0,2021,24
132,XRAY,112,09/08/1994,06/23/2022,2.9732142857142856,0.125,16.666666666666686,3,1994,28
133,WHF,42,12/26/2012,06/16/2022,2.7142857142857144,0.355,228.7037037037037,1,2012,10
134,HRZN,123,08/19/2011,08/17/2022,1.0975609756097562,0.1,50.0,1,2011,0
135,SASR,105,06/06/1996,05/10/2022,2.961904761904762,0.34,700.0,3,1996,26
136,HURC,36,09/26/2013,06/24/2022,3.0,0.15,40.0,1,2013,33
137,EBAY,14,02/28/2019,05/31/2022,2.7857142857142856,0.22,22.22222222222223,1,2019,3
138,FONR,4,05/13/1998,03/18/1999,2.5,0.0075,1.4210854715202004e-14,0,1998,24
139,CVBF,85,07/02/2001,06/29/2022,2.988235294117647,0.19,28.571428571428555,3,2001,23
140,FSV,29,06/26/2015,06/29/2022,2.896551724137931,0.2025,11.36363636363636,1,2015,7
141,RELL,135,11/17/1988,05/05/2022,2.977777777777778,0.06,150.0,4,1988,34
142,MMLP,78,01/29/2003,05/05/2022,2.9743589743589745,0.005,62.49593760155997,2,2003,19
143,GOODO,12,07/22/2021,06/21/2022,0.9166666666666666,0.125,0.0,0,2021,1
144,ENTG,19,10/31/2017,05/03/2022,2.8947368421052633,0.1,25.0,1,2017,5
145,YY,8,09/03/2020,06/22/2022,2.625,0.51,64.51612903225808,1,2020,2
146,GECCO,10,09/14/2021,12/14/2023,2.7,0.371267,1.1236326382233415,0,2021,1
147,IDCC,47,01/10/2011,07/12/2022,2.9361702127659575,0.35,1500.0,1,2011,11
148,BPOP,27,12/18/2015,06/01/2022,3.0,0.55,66.66666666666669,1,2015,34
149,SFBC,36,08/09/2013,05/09/2022,3.0,0.17,200.0,1,2013,14
150,INVA,5,08/26/2014,09/08/2015,2.6,0.25,0.0,0,2014,8
151,CAC,93,10/12/1999,07/14/2022,2.935483870967742,0.4,250.0,3,1999,23
152,GLPI,36,01/09/2014,06/09/2022,2.8055555555555554,0.705,187.5,1,2014,8
153,CSGS,37,07/08/2013,06/15/2022,2.891891891891892,0.265,11.111111111111114,1,2013,9
154,RFIL,39,12/29/2010,03/30/2020,2.923076923076923,0.02,900.0,1,2010,15
155,PEGA,65,06/29/2006,06/30/2022,2.953846153846154,0.03,100.0,2,2006,16
156,PZZA,36,09/04/2013,05/13/2022,2.888888888888889,0.35,55.55555555555554,1,2013,9
157,QCOM,78,03/12/2003,06/01/2022,2.9615384615384617,0.75,42.85714285714283,2,2003,19
158,ATCOL,6,07/14/2021,10/13/2022,2.5,0.445313,0.0,0,2021,1
159,KBAL,135,12/19/1988,06/23/2022,2.977777777777778,0.09,16.666666666666686,4,1988,34
160,BLKB,61,02/10/2005,02/27/2020,2.9508196721311477,0.12,40.0,2,2005,17
161,LCNB,87,12/13/2000,05/31/2022,2.954022988505747,0.2,11.111111111111114,3,2000,0
162,SBNY,16,07/31/2018,04/28/2022,2.8125,0.56,0.0,1,2018,4
163,PTEN,73,05/13/2004,06/01/2022,2.9726027397260273,0.04,100.0,2,2004,18
164,VIRC,4,03/22/2018,12/26/2018,3.0,0.015,0.0,0,2018,23
165,VIA,31,11/25/2014,05/31/2022,2.903225806451613,0.18125,50.79034941763726,1,2014,8
166,RMCF,67,08/28/2003,02/27/2020,2.955223880597015,0.12,33.33333333333334,2,2003,0
167,FWRD,69,05/18/2005,05/25/2022,2.9855072463768115,0.24,42.85714285714283,2,2005,24
168,COHU,102,11/28/1994,02/24/2020,2.9705882352941178,0.06,33.33333333333334,3,1994,28
169,AHPI,2,03/27/1996,06/26/1996,3.0,0.07,0.0,0,1996,29
170,AVT,35,11/29/2013,06/07/2022,3.0,0.26,9.090909090909093,1,2013,22
171,OXLCN,2,07/14/2022,08/16/2022,0.5,0.1484375,0.0,0,2022,0
172,UMPQ,7,11/19/2020,05/13/2022,3.0,0.21,0.0,1,2020,24
173,DAIO,1,03/09/1989,03/09/1989,0.0,4.15,0.0,0,1989,33
174,TROW,136,12/23/1988,06/14/2022,2.911764705882353,1.2,284.6153846153846,4,1988,34
175,ZEUS,66,02/27/2006,05/31/2022,2.9545454545454546,0.09,2525.0,2,2006,16
176,WTFCM,28,09/29/2015,06/30/2022,2.892857142857143,0.41,0.0,1,2015,7
177,ADSK,61,03/05/1990,03/22/2005,3.0,0.015,20.0,2,1990,33
178,WSTG,77,04/03/2003,05/13/2022,2.9740259740259742,0.17,10.0,2,2003,19
179,AMKR,7,12/17/2020,06/06/2022,2.5714285714285716,0.05,25.0,1,2020,2
180,TFSL,31,12/03/2014,06/06/2022,3.0,0.2825,47.05882352941177,1,2014,14
181,CCMP,24,06/21/2016,03/22/2022,3.0,0.46,100.0,1,2016,10
182,HBAN,133,12/06/1988,06/16/2022,2.9774436090225564,0.155,300.0,4,1988,34
183,SMBK,11,11/20/2019,05/12/2022,2.727272727272727,0.07,20.0,1,2019,3
184,WWD,102,01/30/1997,05/16/2022,2.980392156862745,0.19,100.0,3,1997,25
185,OBT,4,09/02/2021,06/01/2022,2.25,0.2,0.0,0,2021,1
186,ARKO,2,03/14/2022,05/27/2022,1.0,0.02,0.0,0,2022,0
187,BFST,17,05/14/2018,05/12/2022,2.823529411764706,0.12,25.0,1,2018,4
188,OXLCL,7,06/14/2021,12/14/2022,2.5714285714285716,0.421875,0.0,0,2021,1
189,ADTN,76,07/29/2003,05/18/2022,2.973684210526316,0.09,12.5,2,2003,19
190,PME,10,05/20/2016,07/30/2018,2.8,0.01,0.0,0,2016,8
191,HIBB,5,07/07/2021,06/08/2022,2.2,0.25,0.0,0,2021,1
192,BKR,20,08/09/2017,05/27/2022,2.85,0.18,5.882352941176464,1,2017,5
193,RAIL,22,05/23/2012,08/15/2017,3.0,0.09,50.0,0,2012,17
194,INBK,39,12/06/2012,06/30/2022,2.923076923076923,0.06,0.0,1,2012,10
195,PWOD,97,12/11/1998,06/06/2022,2.9072164948453607,0.32,126.66666666666669,3,1998,24
196,HNRG,29,12/12/2012,01/30/2020,3.0689655172413794,0.04,0.0,1,2012,12
197,HTLD,76,09/15/2003,06/24/2022,2.960526315789474,0.02,10000.0,2,2003,19
198,HAYN,51,12/01/2009,05/31/2022,2.9215686274509802,0.22,10.0,1,2009,13
199,MANT,42,03/07/2012,06/09/2022,3.0238095238095237,0.41,19.04761904761905,1,2012,11
200,MGPI,23,11/09/2016,05/19/2022,3.0,0.12,2125.0,1,2016,34
201,FCRD,50,08/31/2010,06/14/2022,2.84,0.1,560.0,1,2010,12
202,AMSF,41,03/12/2013,06/16/2022,2.707317073170732,0.31,2000.0,1,2013,9
203,PDCE,5,06/09/2021,06/08/2022,2.4,0.35,416.66666666666674,0,2021,1
204,BKCC,60,09/12/2007,06/15/2022,2.95,0.1,100.0,2,2007,15
205,ARCB,77,05/05/2003,05/10/2022,3.0,0.12,100.0,2,2003,30
206,OTTR,135,11/08/1988,05/12/2022,2.977777777777778,0.4125,5.769230769230759,4,1988,34
207,IPGP,1,12/19/2012,12/19/2012,0.0,0.65,0.0,0,2012,10
208,HWKN,15,11/15/2018,06/02/2022,3.066666666666667,0.14,7.692307692307708,1,2018,33
209,FCCO,81,05/02/2002,05/02/2022,2.962962962962963,0.13,25.0,2,2002,20
210,FCAP,94,03/16/1999,06/15/2022,2.9680851063829787,0.26,25.0,3,1999,23
211,NXST,38,02/13/2013,05/12/2022,2.9210526315789473,0.9,28.571428571428584,1,2013,9
212,SPFI,12,07/23/2019,04/29/2022,2.75,0.11,66.66666666666669,1,2019,3
213,ATLO,83,07/30/2002,07/29/2022,2.9036144578313254,0.27,118.18181818181819,2,2002,24
214,UBFO,20,07/05/2017,04/05/2022,2.95,0.11,40.0,1,2017,24
215,FISI,92,09/15/1999,06/16/2022,2.967391304347826,0.29,25.0,3,1999,23
216,WETF,31,11/07/2014,05/10/2022,2.903225806451613,0.03,312.5,1,2014,8
217,OVBC,111,04/23/1996,05/27/2022,2.81981981981982,0.15,425.0,3,1996,26
218,SIMO,38,02/19/2013,05/11/2022,2.9210526315789473,0.5,50.0,1,2013,9
219,AGNCM,14,03/29/2019,06/30/2022,2.7857142857142856,0.4296875,130.76664876476906,1,2019,3
220,PFXNL,38,06/12/2013,09/14/2022,2.9210526315789473,0.382813,0.00013061224490229506,1,2013,9
221,WHLRD,9,09/28/2016,09/27/2018,2.6666666666666665,0.546875,800.8237232289949,0,2016,6
222,RAND,6,03/12/2021,05/31/2022,2.8333333333333335,0.15,40.0,0,2021,2
223,WMG,8,08/24/2020,05/20/2022,2.625,0.15,25.0,1,2020,2
224,DCOM,95,12/23/1998,07/15/2022,2.9789473684210526,0.24,215.0,3,1998,24
225,CAAS,1,06/24/2014,06/24/2014,0.0,0.18,0.0,0,2014,8
226,KHC,29,07/23/2015,05/26/2022,2.8275862068965516,0.4,4.545454545454518,1,2015,7
227,EQIX,30,05/22/2015,05/17/2022,2.8666666666666667,3.1,547.9289940828403,1,2015,8
228,WAFD,134,12/29/1988,05/19/2022,2.9925373134328357,0.24,185.71428571428567,4,1988,34
229,HTIA,11,01/02/2020,07/01/2022,2.727272727272727,0.4609375,328.5714418540302,1,2020,2
230,ATLC,1,12/29/2009,12/29/2009,0.0,0.5,0.0,0,2009,13
231,LSTR,39,02/13/2014,05/04/2022,2.58974358974359,0.25,1400.0,1,2014,17
232,CSWC,25,06/16/2016,06/14/2022,3.0,0.63,217.85714285714283,1,2016,34
233,ADI,52,08/25/2009,05/27/2022,3.0,0.76,20.0,1,2009,19
234,CVLY,9,04/27/2020,04/25/2022,3.0,0.15,30.0,1,2020,25
235,OFED,45,04/27/2011,05/11/2022,2.9555555555555557,0.1,0.0,1,2011,11
236,XBIT,1,07/15/2021,07/15/2021,0.0,2.5,0.0,0,2021,1
237,EVLMC,74,05/02/2016,01/03/2023,1.0,0.0,262.8205128205129,1,2016,0
238,MORN,47,12/29/2010,06/30/2022,2.9361702127659575,0.36,100.0,1,2010,12
239,PLUS,1,12/13/2012,12/13/2012,0.0,2.5,0.0,0,2012,10
240,CENX,25,09/16/1996,09/18/2002,2.88,0.05,0.0,1,1996,26
241,HOFT,85,08/15/2001,06/16/2022,2.976470588235294,0.2,25.0,3,2001,22
242,POWI,55,11/25/2008,05/27/2022,2.9454545454545453,0.18,100.0,2,2008,14
243,CCNE,95,11/25/1998,05/31/2022,2.968421052631579,0.175,61.53846153846152,3,1998,24
244,PLAY,6,09/24/2018,01/09/2020,2.6666666666666665,0.16,6.666666666666671,1,2018,4
245,FLIC,61,04/03/2007,03/15/2022,2.9836065573770494,0.2,20.0,2,2007,34
246,NEWTZ,4,07/14/2021,04/13/2022,2.25,0.34375,0.0,0,2021,0
247,LAMR,32,09/18/2014,06/16/2022,3.03125,1.2,50.0,1,2014,15
248,ANDE,63,12/28/2006,06/30/2022,3.0,0.18,63.15789473684211,2,2006,26
249,COLM,5,05/12/2021,05/18/2022,2.8,0.3,15.384615384615387,0,2021,16
250,NATI,76,07/31/2003,05/06/2022,2.973684210526316,0.28,42.85714285714283,2,2003,19
251,MRTN,48,08/26/2010,06/15/2022,2.9583333333333335,0.06,3000.0,1,2010,12
252,FCBC,53,07/09/2009,05/05/2022,2.9622641509433962,0.27,166.66666666666669,1,2009,24
253,MAT,27,02/22/2011,08/21/2017,2.962962962962963,0.15,34.78260869565216,0,2011,22
254,GLBS,1,05/23/2012,05/23/2012,2.0,0.085,-46.875,0,2012,12
255,VERU,18,01/27/2010,04/28/2014,2.8333333333333335,0.07,20.0,0,2010,12
256,CNOB,97,04/15/1998,05/13/2022,3.020618556701031,0.155,83.33333333333334,3,1998,26
257,OXSQ,105,03/11/2004,09/15/2022,2.1142857142857143,0.035,200.0,2,2004,18
258,RMBI,10,06/03/2020,06/01/2022,2.4,0.1,614.2857142857142,1,2020,2
259,PRPH,1,05/24/2022,05/24/2022,3.0,0.3,0.0,0,2022,4
260,SFNC,116,09/09/1993,06/14/2022,3.0,0.19,20.0,3,1993,34
261,CTSH,21,05/18/2017,05/19/2022,2.857142857142857,0.27,33.33333333333334,1,2017,5
262,MHLD,42,06/27/2008,09/28/2018,2.9285714285714284,0.05,22.22222222222223,1,2008,14
263,NBN,90,02/02/2000,05/03/2022,3.011111111111111,0.01,28.0,3,2000,34
264,ARCC,71,12/22/2004,06/14/2022,2.9577464788732395,0.45,25.0,2,2004,0
265,MGI,14,09/14/2004,12/12/2007,2.7857142857142856,0.05,300.0,0,2004,18
266,ZION,134,12/27/1988,05/18/2022,2.9925373134328357,0.38,300.0,4,1988,34
267,BKEP,41,05/02/2012,05/05/2022,3.0,0.425,899.9999999999999,1,2012,15
268,RNST,90,03/23/2000,06/15/2022,3.0,0.22,6.25,3,2000,29
269,CTAS,6,02/11/2021,05/13/2022,3.0,0.95,26.66666666666667,0,2021,33
270,WSBC,135,12/12/1988,06/09/2022,2.977777777777778,0.34,11.538461538461519,4,1988,34
271,OCCIN,14,12/22/2021,01/23/2023,0.9285714285714286,0.109375,30.434792978666763,0,2021,1
272,RTLPO,6,04/01/2021,07/01/2022,2.5,0.4609375,0.0,0,2021,1
273,BUSE,95,10/16/1998,04/21/2022,2.968421052631579,0.23,240.0,3,1998,24
274,CECE,25,09/13/2011,09/14/2017,2.88,0.075,40.0,0,2011,11
275,MATW,111,09/26/1994,05/06/2022,2.990990990990991,0.22,45.45454545454547,3,1994,28
276,NEPT,1,10/11/2012,10/11/2012,0.0,0.003416,0.0,0,2012,10
277,SBCF,4,09/14/2021,06/14/2022,3.0,0.17,30.769230769230774,0,2021,34
278,SVC,49,04/28/2010,04/22/2022,3.0,0.01,4.444444444444443,1,2010,22
279,BFC,15,12/20/2018,06/21/2022,2.8,0.22,138.0952380952381,1,2018,4
280,HON,84,08/16/2001,05/12/2022,2.9761904761904763,0.98,14.999999999999986,3,2001,0
281,UCBIO,8,08/28/2020,05/27/2022,2.625,0.4296875,0.0,1,2020,2
282,VRSK,14,03/14/2019,06/14/2022,2.7857142857142856,0.31,8.0,1,2019,3
283,RTL,32,08/09/2018,04/08/2022,1.375,0.2125,200.000141176537,1,2018,4
284,MCHP,44,08/16/2011,05/19/2022,3.0,0.276,9.090909090909093,1,2011,20
285,CHSCO,35,12/12/2013,06/16/2022,2.914285714285714,0.492188,0.0,1,2013,9
286,RBCAA,98,09/18/1998,06/16/2022,2.9081632653061225,0.341,566.6666666666667,3,1998,24
287,TESS,44,08/10/2009,02/11/2020,2.8636363636363638,0.02,316.6666666666667,1,2009,13
288,MNRO,36,08/15/2013,06/03/2022,3.0277777777777777,0.28,18.181818181818187,1,2013,17
289,WBA,88,08/16/2000,05/19/2022,2.965909090909091,0.4775,900.0,3,2000,22
290,VERY,1,12/09/2019,12/09/2019,0.0,6.25,0.0,0,2019,3
291,SKYW,90,12/29/1997,03/30/2020,3.0,0.14,60.0,3,1997,34
292,TCBIO,5,05/28/2021,05/31/2022,2.4,0.359375,0.0,0,2021,1
293,BBBY,16,06/15/2016,03/12/2020,2.8125,0.17,20.0,1,2016,6
294,KDP,51,12/17/2009,06/30/2022,2.9411764705882355,0.1875,17787.93103448276,1,2009,13
295,GAINN,8,04/14/2021,01/12/2023,2.625,0.3125,52.54237370870439,0,2021,1
296,ISSC,1,12/18/2020,12/18/2020,3.0,0.5,-23.07692307692308,1,2020,14
297,MGYR,2,02/09/2022,05/04/2022,3.0,0.03,0.0,0,2022,1
298,COST,77,05/06/2004,04/28/2022,2.792207792207792,0.9,2445.454545454545,2,2004,18
299,ROLL,1,05/28/2014,05/28/2014,0.0,2.0,0.0,0,2014,8
300,PFBC,31,01/02/2015,07/06/2022,3.0,0.43,26.66666666666667,1,2015,21
301,CFFI,98,03/19/1998,06/14/2022,2.9693877551020407,0.4,12.5,3,1998,24
302,OSW,1,01/09/2020,01/09/2020,0.0,0.04,0.0,1,2020,2
303,LCUT,9,10/30/2020,07/29/2022,2.6666666666666665,0.0425,-1.4210854715202004e-14,1,2020,25
304,MBCN,61,05/30/2007,06/02/2022,3.0163934426229506,0.17,31.25,2,2007,21
305,GLAD,234,12/26/2001,06/21/2022,1.0512820512820513,0.0675,16.66666666666667,3,2001,21
306,CRAI,23,11/16/2016,05/27/2022,2.869565217391304,0.31,21.428571428571416,1,2016,6
307,RCKY,37,05/23/2013,05/31/2022,2.918918918918919,0.155,16.666666666666686,1,2013,9
308,IPAR,5,06/14/2021,06/14/2022,3.0,0.5,100.0,0,2021,20
309,PECO,11,09/14/2021,07/14/2022,0.9090909090909091,0.09,5.882352941176464,0,2021,0
310,PTMN,62,04/03/2007,05/23/2022,2.9193548387096775,0.63,933.3333333333335,2,2007,15
311,NVEC,29,05/14/2015,05/13/2022,3.0344827586206895,1.0,0.0,1,2015,23
312,INTC,119,10/26/1992,05/05/2022,2.9831932773109244,0.365,100.0,3,1992,30
313,ATNI,91,12/29/1999,06/29/2022,3.0,0.17,16.666666666666686,3,1999,30
314,SBRA,45,05/12/2011,05/13/2022,2.933333333333333,0.3,44.51827537926033,1,2011,11
315,HIHO,2,11/01/2021,03/07/2022,3.0,0.05,0.0,0,2021,25
316,FCNCO,2,02/25/2022,05/27/2022,1.5,0.351563,0.0,0,2022,0
317,BGFV,9,11/30/2020,05/31/2022,2.3333333333333335,0.25,566.6666666666667,1,2020,18
318,WEYS,36,08/28/2013,05/26/2022,3.0,0.24,5.555555555555557,1,2013,34
319,RILYL,7,10/20/2020,04/18/2022,2.5714285714285716,0.4609375,57.89315931901481,1,2020,2
320,BPYPM,4,08/31/2021,05/31/2022,2.25,0.390625,42.87673738112656,0,2021,1
321,HCSG,75,10/29/2003,05/19/2022,2.986666666666667,0.2125,16.666666666666686,2,2003,33
322,FNWB,15,11/29/2018,05/12/2022,2.8,0.07,33.33333333333334,1,2018,4
323,HMNF,1,05/16/2022,05/16/2022,3.0,0.06,0.0,0,2022,24
324,TAST,1,08/24/2021,08/24/2021,0.0,0.41,0.0,0,2021,1
325,OLED,22,03/13/2017,06/15/2022,2.8636363636363638,0.3,100.0,1,2017,5
326,ODFL,22,03/02/2017,05/31/2022,2.8181818181818183,0.3,50.0,1,2017,5
327,HFWA,48,08/10/2011,05/03/2022,2.75,0.21,400.0,1,2011,24
328,VALU,136,12/05/1988,04/29/2022,2.9411764705882355,0.25,6900.0,4,1988,34
329,CASY,129,07/26/1990,07/29/2022,2.9767441860465116,0.38,40.0,4,1990,32
330,SGC,7,11/13/2020,05/23/2022,3.0,0.14,20.0,1,2020,23
331,WTBA,44,08/04/2011,05/10/2022,3.0,0.25,40.0,1,2011,0
332,RUSHB,15,11/06/2018,05/11/2022,3.0,0.19,28.571428571428555,1,2018,20
333,INDB,111,12/19/1994,06/24/2022,2.990990990990991,0.51,25.0,3,1994,34
334,PATK,10,03/06/2020,05/27/2022,2.9,0.33,17.857142857142847,1,2020,27
335,FLXS,136,12/15/1988,06/28/2022,2.9558823529411766,0.15,100.0,4,1988,34
336,HWCPZ,8,08/31/2020,05/31/2022,2.625,0.390625,0.0,1,2020,2
337,RGP,47,11/22/2010,05/10/2022,3.0,0.14,25.0,1,2010,15
338,SNFCA,1,09/09/1992,09/09/1992,0.0,0.1,0.0,0,1992,30
339,SBFG,37,05/08/2013,05/12/2022,2.972972972972973,0.12,20.0,1,2013,24
340,NWFL,87,01/11/2001,07/14/2022,3.0,0.28,17.647058823529406,3,2001,23
341,MRBK,9,08/07/2020,05/13/2022,2.3333333333333335,0.2,700.0,1,2020,2
342,SBUX,50,04/05/2010,08/11/2022,2.96,0.49,30.769230769230774,1,2010,12
343,FRAF,12,08/01/2019,05/05/2022,3.0,0.32,3.333333333333343,1,2019,24
344,MSVB,15,11/15/2018,05/12/2022,2.8,0.04,50.0,1,2018,4
345,OCCI,28,11/02/2018,06/10/2022,1.5357142857142858,0.55,199.88465974625143,1,2018,4
346,EML,91,11/23/1999,05/12/2022,2.967032967032967,0.11,177.77777777777777,3,1999,23
347,JKHY,75,11/14/2003,05/26/2022,2.986666666666667,0.49,53.84615384615384,2,2003,32
348,TCPC,41,06/13/2012,06/15/2022,2.926829268292683,0.3,14.285714285714292,1,2012,10
349,PINC,8,08/31/2020,05/31/2022,2.625,0.2,5.263157894736835,1,2020,2
350,PFIS,97,11/16/1998,05/27/2022,2.9072164948453607,0.39,2207.6923076923076,3,1998,24
351,JOAN,5,06/10/2021,06/09/2022,2.4,0.11,10.0,0,2021,1
352,TRIN,6,03/30/2021,06/29/2022,2.5,0.57,52.7777777777778,0,2021,1
353,FRBA,22,02/08/2017,05/12/2022,2.8636363636363638,0.06,100.0,1,2017,5
354,SBGI,46,02/25/2011,05/31/2022,3.0,0.25,666.6666666666666,1,2011,18
355,ZIONO,37,05/29/2013,05/31/2022,2.918918918918919,0.39375,1.1108571428571423,1,2013,9
356,ROST,5,06/07/2021,06/06/2022,3.0,0.31,8.771929824561411,0,2021,28
357,CASH,111,12/09/1994,06/08/2022,2.972972972972973,0.05,46.666666666666686,3,1994,28
358,MCBC,33,05/06/2014,05/11/2022,2.9696969696969697,0.08,50.0,1,2014,22
359,RILYT,7,04/14/2021,10/13/2022,2.5714285714285716,0.375,0.0,0,2021,1
360,CDK,31,11/26/2014,06/16/2022,2.935483870967742,0.15,12.5,1,2014,8
361,VCTR,12,09/09/2019,06/09/2022,2.75,0.25,47.05882352941177,1,2019,3
362,NRIM,109,04/13/1995,06/08/2022,2.9908256880733943,0.41,90.0,3,1995,27
363,ACGLN,5,09/14/2021,09/14/2022,2.4,0.284375,1.4210854715202004e-14,0,2021,1
364,ENSG,59,12/27/2007,06/29/2022,2.9491525423728815,0.055,12.5,2,2007,15
365,STRA,21,06/01/2017,05/26/2022,2.9523809523809526,0.6,100.0,1,2017,26
366,LSBK,63,11/10/2006,05/06/2022,2.9523809523809526,0.16,75.00000000000003,2,2006,16
367,ATAX,65,06/28/2006,06/29/2022,2.9692307692307693,0.57,418.18181818181813,2,2006,34
368,SIGI,135,11/08/1988,05/13/2022,2.977777777777778,0.28,15.78947368421052,4,1988,34
369,VABK,5,06/10/2021,06/09/2022,2.4,0.3,0.0,0,2021,1
370,EZPW,7,08/07/1998,02/04/2000,2.5714285714285716,0.0125,0.0,0,1998,24
371,PLPC,36,09/27/2013,06/30/2022,3.0,0.2,0.0,1,2013,24
372,VBFC,3,11/05/2021,06/02/2022,2.3333333333333335,0.14,0.0,0,2021,1
373,SPPI,1,12/18/2012,12/18/2012,0.0,0.15,0.0,0,2012,10
374,JBHT,36,07/31/2013,05/12/2022,3.0,0.4,33.33333333333334,1,2013,34
375,HEES,31,11/20/2014,05/26/2022,3.0,0.275,10.000000000000014,1,2014,10
376,DWSN,1,12/13/2012,12/13/2012,0.0,0.15,0.0,0,2012,10
377,PAA,72,07/30/2004,04/28/2022,3.0,0.2175,20.833333333333343,2,2004,22
378,RRR,2,03/14/2022,06/15/2022,3.5,0.25,0.0,0,2022,6
379,NXPI,16,09/24/2018,06/14/2022,2.8125,0.845,50.22222222222223,1,2018,4
380,MRVL,41,06/19/2012,07/07/2022,2.951219512195122,0.06,0.0,1,2012,10
381,VIRT,28,08/28/2015,05/31/2022,2.892857142857143,0.24,0.0,1,2015,7
382,CGNX,29,09/02/2015,05/19/2022,2.8620689655172415,0.065,3233.3333333333335,1,2015,19
383,ACTG,11,05/01/2013,11/04/2015,2.727272727272727,0.125,0.0,0,2013,9
384,MKTX,52,11/06/2009,05/03/2022,2.8846153846153846,0.7,1081.8181818181818,1,2009,13
385,CMTL,48,10/20/2010,07/19/2022,2.9375,0.1,10.000000000000014,1,2010,12
386,FCNCA,125,06/18/1991,05/27/2022,2.992,0.47,25.0,3,1991,34
387,MPWR,32,09/26/2014,06/29/2022,3.0,0.75,50.0,1,2014,10
388,MCBS,11,10/31/2019,05/03/2022,2.8181818181818183,0.15,20.0,1,2019,3
389,EWBC,94,02/18/1999,04/29/2022,2.9574468085106385,0.4,400.0,3,1999,23
390,DAKT,27,09/04/2013,03/06/2020,3.037037037037037,0.05,11.111111111111114,1,2013,17
391,UCBI,32,09/12/2014,06/14/2022,3.0,0.21,66.66666666666669,1,2014,20
392,GSM,1,09/04/2018,09/04/2018,3.0,0.06,0.0,0,2018,6
393,FIBK,37,08/01/2013,05/09/2022,2.918918918918919,0.41,76.47058823529412,1,2013,12
394,CHX,2,04/07/2022,06/30/2022,1.0,0.075,0.0,0,2022,0
395,UNTY,36,09/12/2013,06/09/2022,3.0,0.11,100.0,1,2013,24
396,METCL,4,01/13/2022,10/13/2022,2.25,0.5625,0.0,0,2022,0
397,NYMTN,8,09/30/2020,06/30/2022,3.0,0.5,0.0,1,2020,5
398,GROW,187,03/15/2007,09/09/2022,0.9946524064171123,0.0075,100.0,2,2007,15
399,DMRC,9,05/09/2012,05/01/2014,2.6666666666666665,0.11,0.0,0,2012,10
400,PFG,42,03/08/2012,06/01/2022,3.0238095238095237,0.64,16.66666666666667,1,2012,20
401,LPLA,41,05/11/2012,06/08/2022,2.951219512195122,0.25,40.74074074074073,1,2012,10
402,NTIC,5,05/04/2021,05/03/2022,3.0,0.07,7.692307692307708,0,2021,23
403,OPBK,14,02/06/2019,05/11/2022,2.7857142857142856,0.1,42.85714285714283,1,2019,3
404,NTAP,37,07/09/2013,07/07/2022,2.918918918918919,0.5,100.0,1,2013,9
405,OXLCZ,4,03/14/2022,12/14/2022,2.25,0.3125,15.384616804733753,0,2022,0
406,FTAI,28,08/19/2015,05/12/2022,2.892857142857143,0.33,120.0,1,2015,7
407,AUBN,103,12/06/1996,06/09/2022,3.0,0.265,66.66666666666669,3,1996,27
408,DHIL,6,03/10/2021,06/01/2022,3.1666666666666665,1.5,1900.0,0,2021,14
409,RILYG,4,01/13/2022,10/13/2022,2.25,0.3125,57.89471024931197,0,2022,0
410,NCTY,1,01/29/2009,01/29/2009,0.0,1.07,0.0,0,2009,13
411,GIGM,1,04/01/2002,04/01/2002,0.0,2.0,0.0,0,2002,20
412,TSBK,37,05/08/2013,05/12/2022,3.0,0.22,76.9230769230769,1,2013,24
413,FNWD,3,12/28/2021,06/23/2022,2.0,0.31,0.0,0,2021,1
414,JACK,7,12/01/2020,06/06/2022,3.142857142857143,0.44,10.0,1,2020,8
415,XPER,41,05/22/2012,05/27/2022,2.926829268292683,0.05,520.0,1,2012,10
416,RUTH,1,05/18/2022,05/18/2022,3.0,0.14,16.666666666666686,0,2022,9
417,TER,33,05/07/2014,05/24/2022,2.909090909090909,0.11,28.571428571428555,1,2014,8
418,NTRS,135,12/05/1988,06/09/2022,2.977777777777778,0.7,30.952380952380963,4,1988,34
419,ASTL,2,02/25/2022,06/24/2022,2.0,0.05,0.0,0,2022,0
420,SLRC,52,03/16/2010,06/22/2022,2.826923076923077,0.136667,76.47058823529412,1,2010,12
421,MLVF,10,09/26/2008,12/29/2010,2.7,0.03,0.0,1,2008,14
422,DSGR,97,12/27/1988,06/29/2012,2.9072164948453607,0.12,100.0,3,1988,34
423,LMAT,46,03/18/2011,05/16/2022,2.9130434782608696,0.125,27.272727272727295,1,2011,11
424,SBT,9,02/13/2018,02/20/2020,2.6666666666666665,0.01,0.0,1,2018,4
425,GWRS,75,05/13/2016,07/14/2022,0.9866666666666667,0.02458,9.999999999999986,1,2016,6
426,ACGLO,20,12/14/2017,09/14/2022,2.85,0.340625,0.0,1,2017,5
427,HROWL,3,10/14/2021,04/13/2022,2.0,0.5390625,0.0,0,2021,1
428,OCFC,100,07/24/1997,05/06/2022,2.98,0.17,26.66666666666667,3,1997,25
429,GT,25,01/29/2014,01/31/2020,3.0,0.16,42.85714285714283,1,2014,22
430,ALRS,12,09/19/2019,06/16/2022,2.75,0.18,12.5,1,2019,3
431,CXDO,2,02/17/2022,05/26/2022,1.5,0.005,0.0,0,2022,0
432,NFE,8,09/03/2020,06/13/2022,2.625,0.1,0.0,1,2020,2
433,HMST,9,05/01/2020,05/09/2022,3.0,0.35,66.66666666666669,1,2020,9
434,WINA,50,05/10/2010,05/10/2022,2.88,0.7,16666.666666666668,1,2010,12
435,GIPR,12,10/14/2021,09/14/2022,0.9166666666666666,0.054,1.4210854715202004e-14,0,2021,1
436,LOAN,37,08/13/2013,07/07/2022,2.972972972972973,0.125,250.00000000000006,1,2013,19
437,SELF,26,03/11/2016,06/14/2022,2.8846153846153846,0.065,0.0,1,2016,6
438,BHFAL,15,11/29/2018,05/31/2022,2.8,0.390625,0.0,1,2018,4
439,OP,2,03/31/2022,06/13/2022,1.5,0.01,0.0,0,2022,0
440,CTG,15,03/20/2013,09/22/2016,2.8,0.06,20.0,0,2013,9
441,SSP,11,06/14/2018,12/14/2020,3.090909090909091,0.05,0.0,1,2018,22
442,UBCP,61,05/23/2007,06/09/2022,3.0,0.155,101.66666666666669,2,2007,29
443,WTW,78,03/27/2003,06/29/2022,2.9615384615384617,0.82,54.83870967741936,2,2003,19
444,AVGO,47,12/13/2010,06/21/2022,2.9361702127659575,4.1,100.0,1,2010,12
445,GOODN,33,10/21/2019,06/21/2022,0.9696969696969697,0.138021,7.143356181929704,1,2019,3
446,COLB,71,11/08/2004,05/03/2022,3.0,0.3,200.0,2,2004,19
447,TW,13,05/30/2019,05/31/2022,2.769230769230769,0.08,0.0,1,2019,3
448,NWBI,110,01/25/1995,05/04/2022,2.981818181818182,0.2,391.3043478260869,3,1995,27
449,PNBK,9,11/08/2017,12/06/2019,3.2222222222222223,0.01,0.0,0,2017,0
450,RUSHA,16,08/07/2018,05/11/2022,2.8125,0.19,28.571428571428555,1,2018,4
451,MACK,1,12/13/2019,12/13/2019,3.0,0.5,-66.5926136268729,0,2019,5
452,PANL,5,05/28/2021,05/31/2022,3.0,0.075,75.00000000000003,0,2021,3
453,CIZN,91,12/13/1999,06/15/2022,2.967032967032967,0.24,25.0,3,1999,23
454,CGO,195,12/28/2005,06/10/2022,1.0153846153846153,0.1,56.099999999999994,2,2005,0
455,EXPE,43,03/09/2010,03/09/2020,2.7906976744186047,0.34,2328.5714285714284,1,2010,12
456,JOUT,35,01/07/2014,07/13/2022,3.0,0.3,42.85714285714286,1,2014,15
457,MRCC,39,12/12/2012,06/14/2022,2.923076923076923,0.25,2.941176470588232,1,2012,10
458,COWNL,18,08/30/2018,11/30/2022,2.8333333333333335,0.484375,0.0,1,2018,4
459,TTSH,1,11/18/2021,11/18/2021,0.0,0.65,0.0,0,2021,1
460,ALT,1,02/06/2017,05/05/2017,0.0,0.0,0.0,0,2017,5
461,KZIA,1,01/28/2013,01/28/2013,0.0,4.0928,0.0,0,2013,9
462,UBOH,38,06/05/2013,05/27/2022,2.8947368421052633,0.21,100.0,1,2013,23
463,SHEN,1,11/05/2021,11/05/2021,3.0,0.07,-99.62666666666667,0,2021,22
464,STRT,26,12/11/2013,03/12/2020,3.0,0.14,9.090909090909093,1,2013,15
465,ICFI,18,03/28/2018,06/09/2022,2.8333333333333335,0.14,0.0,1,2018,4
466,TBNK,63,02/17/2010,05/11/2022,2.3333333333333335,0.23,130.0,1,2010,12
467,LECO,87,12/27/2000,06/29/2022,2.9655172413793105,0.56,26.08695652173911,3,2000,27
468,CSCO,37,07/01/2013,07/05/2022,3.0,0.38,23.80952380952381,1,2013,11
469,DORM,1,12/13/2012,12/13/2012,0.0,1.5,0.0,0,2012,10
470,PTRS,9,06/25/2020,05/10/2022,2.5555555555555554,0.025,0.0,1,2020,2
471,CBTX,19,12/29/2017,06/28/2022,2.8421052631578947,0.13,100.0,1,2017,5
472,NHTC,10,02/24/2020,05/16/2022,3.0,0.2,0.0,1,2020,7
473,CBRL,4,10/21/2021,07/14/2022,3.0,1.3,30.0,0,2021,34
474,HONE,9,07/13/2020,07/12/2022,2.6666666666666665,0.07,66.66666666666669,1,2020,2
475,JSM,1,06/13/2022,06/13/2022,3.0,0.375,0.0,0,2022,0
476,LRCX,33,06/09/2014,06/14/2022,2.909090909090909,1.5,120.00000000000003,1,2014,8
477,INDT,4,09/15/2021,06/29/2022,3.0,0.16,6.666666666666671,0,2021,15
478,VBNK,4,09/30/2021,07/07/2022,2.5,0.025,24.85547978215216,0,2021,1
479,EBC,6,03/02/2021,06/02/2022,2.5,0.1,33.33333333333334,0,2021,1
480,BOKF,69,05/11/2005,05/10/2022,2.9565217391304346,0.53,263.1578947368421,2,2005,17
481,OFSSH,3,01/13/2022,07/14/2022,2.0,0.309375,0.0,0,2022,0
482,FBIZ,67,12/28/2005,05/06/2022,2.9402985074626864,0.1975,100.0,2,2005,0
483,PFXNZ,1,04/13/2022,04/13/2022,0.0,0.328125,0.0,0,2022,0
484,TACT,29,11/19/2012,11/19/2019,2.896551724137931,0.09,16.666666666666686,0,2012,10
485,BHFAN,6,03/09/2021,06/09/2022,2.5,0.3359375,0.0,0,2021,1
486,NWL,88,08/17/2000,05/27/2022,2.965909090909091,0.23,60.0,3,2000,22
487,ARLP,4,08/05/2021,05/05/2022,3.0,0.35,100.0,0,2021,23
488,MNSB,2,02/02/2022,05/04/2022,1.5,0.05,0.0,0,2022,0
489,BWMX,9,05/28/2020,05/11/2022,2.6666666666666665,0.4582,227.033878773911,1,2020,2
490,HAPP,1,08/07/2020,08/07/2020,0.0,0.015,0.0,1,2020,2
491,PRTK,2,06/04/2014,10/31/2014,2.0,0.6674,0.0,0,2014,8
492,DOOO,6,04/01/2021,06/29/2022,3.0,0.12418,26.020391058698266,0,2021,4
493,FFBC,84,09/05/2001,05/31/2022,3.0,0.23,125.0,3,2001,33
494,RPRX,8,09/14/2020,05/19/2022,2.5,0.19,13.333333333333343,1,2020,2
495,SLGN,19,11/30/2017,05/31/2022,3.0,0.16,16.666666666666686,1,2017,18
496,AGNCO,11,12/30/2019,06/30/2022,2.727272727272727,0.40625,0.0,1,2019,3
497,WHLR,55,12/27/2012,12/27/2017,1.0909090909090908,0.34,1842.8571428571427,0,2012,10
498,HOPE,38,02/06/2013,04/27/2022,3.0,0.14,50.0,1,2013,21
499,SHOO,5,06/14/2021,06/10/2022,3.0,0.21,40.0,0,2021,17
500,AAL,23,07/31/2014,02/04/2020,2.9130434782608696,0.1,0.0,1,2014,8
501,CME,89,03/06/2003,06/09/2022,2.595505617977528,1.0,480.0,2,2003,19
502,LMNR,48,09/02/2010,07/08/2022,3.0208333333333335,0.075,20.0,1,2010,0
503,TOWN,62,03/29/2007,06/29/2022,3.0,0.23,15.0,2,2007,19
504,CWCO,84,09/26/2001,06/30/2022,3.0,0.085,15.384615384615387,3,2001,25
505,SHYF,8,08/17/2020,05/16/2022,3.0,0.05,100.0,1,2020,33
506,ESLT,17,06/15/2018,06/24/2022,2.9411764705882355,0.5,25.714285714285722,1,2018,0
507,ADES,12,06/26/2017,02/20/2020,2.6666666666666665,0.25,0.0,1,2017,5
508,SYPR,11,06/18/2012,12/17/2014,3.0,0.02,0.0,0,2012,20
509,KELYB,3,11/23/2021,05/25/2022,3.0,0.075,50.0,0,2021,34
510,ADP,59,12/12/2007,06/09/2022,3.0,1.04,26.08695652173911,2,2007,22
511,TSCO,50,03/11/2010,05/24/2022,2.92,0.92,76.9230769230769,1,2010,12
512,LBAI,44,07/27/2011,05/06/2022,3.022727272727273,0.145,16.666666666666686,1,2011,22
513,AEP,72,08/06/2004,05/09/2022,3.0,0.78,9.523809523809533,2,2004,22
514,TRST,136,12/05/1988,06/02/2022,2.9558823529411766,0.35,399.99999999999994,4,1988,34
515,SLM,13,06/06/2019,06/02/2022,3.0,0.11,266.6666666666667,1,2019,22
516,RWAY,3,11/05/2021,05/09/2022,2.0,0.3,11.1111111111111,0,2021,1
517,XRX,58,03/27/2008,06/29/2022,3.0,0.25,300.0,2,2008,22
518,SAL,91,09/28/1999,05/12/2022,2.989010989010989,0.32,192.30769230769232,3,1999,23
519,GAINZ,6,10/14/2021,01/12/2023,2.5,0.3046875,23.287669569987173,0,2021,1
520,BELFB,95,01/07/1999,07/14/2022,2.968421052631579,0.07,40.0,3,1999,23
521,ESSA,57,06/12/2008,06/15/2022,2.9473684210526314,0.15,40.0,2,2008,14
522,NYMTL,4,09/30/2021,06/30/2022,2.25,0.4296875,0.0,0,2021,1
523,FCFS,26,02/26/2016,05/13/2022,2.8846153846153846,0.3,52.0,1,2016,6
524,FNLC,92,09/28/1999,07/08/2022,2.9782608695652173,0.34,52.17391304347825,3,1999,23
525,RBB,13,05/01/2019,04/29/2022,2.923076923076923,0.14,50.0,1,2019,5
526,PSEC,169,12/08/2004,08/26/2022,1.2544378698224852,0.06,40.0,2,2004,18
527,LINC,17,12/13/2010,12/11/2014,2.823529411764706,0.02,0.0,0,2010,12
528,SSB,91,11/10/1999,05/12/2022,2.967032967032967,0.49,7.692307692307708,3,1999,23
529,SPTN,33,06/12/2014,06/14/2022,3.0,0.21,12.5,1,2014,16
530,OPOF,89,05/25/2000,05/31/2022,2.966292134831461,0.13,25.0,3,2000,22
531,TTEK,33,05/14/2014,05/12/2022,2.909090909090909,0.23,25.0,1,2014,8
532,CLMT,40,04/28/2006,01/29/2016,2.925,0.685,50.0,1,2006,16
533,TPG,1,05/19/2022,05/19/2022,0.0,0.44,0.0,0,2022,0
534,VLGEA,66,03/28/2006,07/06/2022,3.015151515151515,0.25,971.4285714285713,2,2006,34
535,LANDO,21,10/26/2020,06/21/2022,0.9523809523809523,0.125,0.0,1,2020,2
536,SOHOO,9,12/28/2017,12/30/2019,2.6666666666666665,0.4921875,13.924380251371431,0,2017,5
537,TANNI,18,06/28/2018,09/29/2022,3.0,0.515625,0.0,1,2018,0
538,JRVR,30,03/12/2015,06/10/2022,2.9,0.05,725.0,1,2015,7
539,ABCB,32,09/26/2014,06/29/2022,2.96875,0.15,100.0,1,2014,28
540,BIOL,6,08/12/2004,06/24/2005,1.6666666666666667,0.01,0.0,0,2004,18
541,MTEX,23,11/28/2016,06/14/2022,3.0434782608695654,0.2,750.0,1,2016,18
542,OFLX,21,09/21/2017,06/23/2022,2.857142857142857,0.32,1149.9999999999998,1,2017,16
543,HIFS,112,07/05/1994,04/29/2022,3.0,0.57,357.1428571428571,3,1994,33
544,PRAA,1,05/07/2007,05/07/2007,0.0,1.0,0.0,0,2007,15
545,VIOT,1,03/27/2019,03/27/2019,0.0,0.1,0.0,0,2019,3
546,OXLCO,12,09/15/2021,08/16/2022,0.9166666666666666,0.125,0.0,0,2021,1
547,KFFB,39,10/29/2012,04/28/2022,2.948717948717949,0.1,0.0,1,2012,17
548,CHSCM,31,12/15/2014,06/16/2022,2.903225806451613,0.421875,0.0,1,2014,8
549,QUMU,7,03/29/2011,08/29/2012,2.4285714285714284,0.17,70.0,0,2011,11
550,TOPS,8,12/20/2004,04/12/2006,2.0,2.5,2280.952380952381,0,2004,18
551,HQI,8,08/31/2020,05/31/2022,2.625,0.06,20.0,1,2020,2
552,BOTJ,34,06/17/2014,06/02/2022,2.823529411764706,0.07,75.00000000000003,1,2014,8
553,EDUC,15,09/14/2018,02/18/2022,2.933333333333333,0.1,66.66666666666669,1,2018,25
554,FFNW,36,09/04/2013,06/02/2022,3.0277777777777777,0.12,25.0,1,2013,14
555,FATBB,4,09/02/2021,05/13/2022,2.0,0.13,0.0,0,2021,1
556,MERC,27,12/23/2015,06/28/2022,3.0,0.075,15.384615384615387,1,2015,25
557,GNTY,21,06/28/2017,06/24/2022,2.857142857142857,0.22,13.333333333333343,1,2017,5
558,FSBC,4,07/12/2021,05/06/2022,2.5,0.15,0.0,0,2021,1
559,WFCF,1,07/26/2021,07/26/2021,0.0,0.15,0.0,0,2021,1
560,CWBC,31,11/06/2014,05/12/2022,3.032258064516129,0.075,50.0,1,2014,24
561,POWL,35,11/18/2013,05/17/2022,2.914285714285714,0.26,4.0,1,2013,9
562,GASS,13,01/12/2006,02/26/2009,2.8461538461538463,0.1875,0.0,1,2006,16
563,HBNC,97,10/02/1998,07/07/2022,2.9381443298969074,0.16,20.0,3,1998,24
564,CMCSA,57,07/07/2008,07/05/2022,3.017543859649123,0.27,44.44444444444443,2,2008,34
565,CBSH,1,06/06/2022,06/06/2022,3.0,0.265,0.0,0,2022,34
566,NTRSO,10,03/12/2020,06/14/2022,2.7,0.29375,0.0,1,2020,2
567,PAX,5,06/01/2021,06/01/2022,2.4,0.202,336.7924528301887,0,2021,1
568,FRG,10,04/08/2020,06/30/2022,3.0,0.625,66.66666666666666,1,2020,7
569,CMCO,32,08/06/2014,05/05/2022,3.0,0.07,25.0,1,2014,26
570,GENC,1,12/14/1995,12/14/1995,0.0,0.05,0.0,0,1995,27
571,UTMD,72,09/14/2004,06/16/2022,3.0,0.29,601.7543859649123,2,2004,29
572,HSON,2,03/11/2016,06/10/2016,1.5,0.05,0.0,0,2016,6
573,NAVI,33,06/04/2014,06/02/2022,2.909090909090909,0.16,6.666666666666671,1,2014,8
574,WNEB,72,08/06/2004,05/10/2022,3.0,0.06,500.0,2,2004,20
575,UAL,1,01/07/2008,01/07/2008,0.0,2.15,0.0,1,2008,14
576,QCRH,26,03/16/2016,06/16/2022,3.0,0.06,25.0,1,2016,20
577,BANF,117,06/24/1993,06/29/2022,2.9743589743589745,0.36,42.85714285714286,3,1993,29
578,AUB,66,02/14/2006,05/19/2022,3.015151515151515,0.28,25.0,2,2006,28
579,OBCI,8,09/08/2020,06/07/2022,3.0,0.04,50.0,1,2020,8
580,LFUS,47,11/18/2010,05/25/2022,2.9361702127659575,0.53,20.0,1,2010,12
581,BRKR,26,03/02/2016,05/31/2022,2.8461538461538463,0.05,25.0,1,2016,6
582,ICMB,35,03/20/2014,06/16/2022,2.8285714285714287,0.15,86.25827814569536,1,2014,8
583,CVCY,28,08/05/2015,05/05/2022,2.9642857142857144,0.12,16.666666666666686,1,2015,20
584,VLY,52,09/02/2009,06/14/2022,3.0,0.11,1.4210854715202004e-14,1,2009,22
585,FULT,143,12/27/1988,06/30/2022,2.8111888111888113,0.15,400.0,4,1988,34
586,NVDA,39,11/20/2012,06/08/2022,2.948717948717949,0.04,21.739130434782624,1,2012,10
587,VIVO,23,08/01/2013,02/01/2019,3.0,0.125,5.263157894736835,0,2013,32
588,PCAR,167,11/10/1988,05/10/2022,2.407185628742515,0.34,1100.0,4,1988,34
589,MSFT,72,11/15/2004,08/17/2022,3.0,0.62,3750.0,2,2004,0
590,QIWI,3,06/21/2021,12/03/2021,2.6666666666666665,0.3,36.363636363636374,0,2021,9
591,SSNC,31,11/26/2014,05/31/2022,2.903225806451613,0.2,25.0,1,2014,8
592,TXRH,4,09/07/2021,06/07/2022,3.25,0.46,15.0,0,2021,11
593,MBWM,39,02/06/2013,06/02/2022,2.948717948717949,0.31,1566.6666666666667,1,2013,19
594,DHC,87,10/23/2000,04/22/2022,2.9655172413793105,0.01,3.333333333333343,3,2000,22
595,BANR,106,12/27/1995,05/02/2022,2.990566037735849,0.44,1100.0,3,1995,27
596,CARV,1,08/25/2010,08/25/2010,1.0,0.025,0.0,0,2010,22
597,STCN,1,03/15/2011,01/20/2015,0.0,0.0,0.0,0,2011,11
598,SRCE,83,11/01/2001,05/02/2022,3.0,0.31,14.285714285714278,3,2001,34
599,PROV,80,08/05/2002,05/18/2022,2.9625,0.14,200.0,2,2002,20
600,PTE,1,01/19/2016,01/19/2016,0.0,0.33550232,0.0,0,2016,6
601,NICE,16,05/21/2013,02/23/2017,2.8125,0.16,0.0,0,2013,9
602,PACW,87,11/14/2000,05/13/2022,2.9655172413793105,0.25,1700.0,3,2000,22
603,GECCM,24,03/14/2018,12/14/2023,2.875,0.426563,26.760372942162704,1,2018,4
604,GPP,27,11/04/2015,05/05/2022,2.888888888888889,0.445,262.5,1,2015,7
605,SOHOB,14,09/28/2016,12/30/2019,2.7857142857142856,0.5,136.85457129322594,0,2016,6
606,WABC,112,07/11/1994,05/06/2022,2.982142857142857,0.42,20.0,3,1994,28
607,MBINO,12,09/12/2019,06/14/2022,2.75,0.375,109.30193618244431,1,2019,3
608,CPLP,61,08/02/2007,05/05/2022,2.901639344262295,0.15,31499900.0,2,2007,15
609,CVLG,2,03/03/2022,06/02/2022,1.5,0.0625,0.0,0,2022,0
610,CHK,5,05/21/2021,05/18/2022,2.4,2.34,304.0,0,2021,1
611,ROCK,40,02/22/1999,12/30/2008,2.95,0.05,20.0,2,1999,23
612,CHI,235,08/15/2002,06/10/2022,1.0127659574468084,0.095,303.1333333333333,2,2002,0
613,AMAT,70,05/16/2005,08/24/2022,2.9571428571428573,0.26,100.0,2,2005,17
614,CNFRL,17,12/13/2018,12/14/2022,2.823529411764706,0.421875,0.0,1,2018,4
615,METC,2,02/28/2022,05/31/2022,1.5,0.1129,-1.4210854715202004e-14,0,2022,0
616,BANX,35,12/19/2013,06/21/2022,2.914285714285714,0.39,78.57142857142856,1,2013,9
617,FMAO,21,06/22/2017,07/07/2022,2.9047619047619047,0.2025,7.692307692307708,1,2017,5
618,NATH,16,09/07/2018,06/16/2022,3.0,0.45,40.0,1,2018,7
619,MLKN,6,02/25/2021,05/26/2022,3.0,0.1875,0.0,0,2021,34
620,BPYPN,9,05/29/2020,05/31/2022,2.6666666666666665,0.359375,0.0,1,2020,2
621,PKOH,6,02/11/2021,05/05/2022,3.0,0.125,0.0,0,2021,34
622,UBSI,135,12/06/1988,06/09/2022,2.977777777777778,0.36,13.333333333333343,4,1988,34
623,MLCO,26,04/02/2014,02/28/2020,2.6923076923076925,0.16512,3418.0327868852464,1,2014,8
624,FRME,118,06/01/1993,06/02/2022,2.9745762711864407,0.32,200.0,3,1993,33
625,BBSI,63,11/28/2006,05/19/2022,2.9523809523809526,0.3,38.46153846153845,2,2006,16
626,CSX,88,08/23/2000,05/27/2022,2.965909090909091,0.1,200.0,3,2000,22
627,MBIN,19,12/14/2017,06/14/2022,2.8421052631578947,0.07,20.0,1,2017,5
628,PEBO,43,11/03/2011,05/06/2022,3.0,0.38,18.181818181818187,1,2011,29
629,TCBK,117,06/04/1993,06/09/2022,2.9743589743589745,0.25,30.0,3,1993,29
630,SCHN,115,02/04/1994,07/08/2022,2.965217391304348,0.1875,1002.9411764705881,3,1994,28
631,BKSC,37,07/03/2013,07/01/2022,3.0,0.17,76.9230769230769,1,2013,33
632,NYMTZ,3,12/30/2021,06/30/2022,2.0,0.4375,76.46821555340432,0,2021,1
633,AIMC,41,06/14/2012,06/16/2022,2.926829268292683,0.09,50.0,1,2012,10
634,MSEX,60,08/13/2007,05/12/2022,3.0,0.29,7.262569832402235,2,2007,0
635,CATC,19,11/01/2017,05/04/2022,2.8421052631578947,0.64,10.909090909090907,1,2017,5
636,CPHC,2,03/30/2022,06/29/2022,2.5,0.07,0.0,0,2022,20
637,ITI,1,11/03/1997,11/03/1997,0.0,11.275,0.0,0,1997,25
638,WSFS,96,08/03/1998,05/05/2022,3.0,0.13,33.33333333333334,3,1998,34
639,HTBK,35,11/05/2013,05/11/2022,3.0,0.13,60.0,1,2013,17
640,FFIN,115,12/13/1993,06/15/2022,2.973913043478261,0.17,16.66666666666667,3,1993,29
641,FGBI,29,06/18/2015,06/23/2022,3.0,0.16,0.0,1,2015,0
642,FITB,135,12/23/1988,06/29/2022,2.977777777777778,0.3,500.0,4,1988,34
643,HBT,10,02/07/2020,05/09/2022,2.7,0.16,6.666666666666671,1,2020,2
644,IMKTA,96,09/30/1998,07/06/2022,3.0104166666666665,0.165,400.0,3,1998,34
645,PEBK,20,06/01/2018,06/02/2022,2.55,0.18,40.0,1,2018,34
646,SSBI,64,08/08/2006,05/11/2022,2.953125,0.12,22.22222222222223,2,2006,16
647,HBANM,5,08/12/2021,08/12/2022,2.4,0.35625,0.0,0,2021,1
648,SAFT,78,02/27/2003,05/31/2022,2.9615384615384617,0.9,60.0,2,2003,19
649,ESCA,43,12/20/2011,05/27/2022,3.0,0.15,14.285714285714278,1,2011,23
650,LKQ,3,11/09/2021,05/18/2022,2.0,0.25,0.0,0,2021,1
651,TMUS,1,05/01/2013,05/01/2013,0.0,4.0491,0.0,0,2013,9
652,MARPS,114,02/22/1994,05/27/2022,3.0,0.1975,152.5633881303984,3,1994,34
653,OFS,32,09/12/2014,06/22/2022,3.0,0.29,108.8235294117647,1,2014,9
654,RILYM,11,04/14/2020,10/13/2022,2.727272727272727,0.3984375,15.384615384615373,1,2020,2
655,WDC,31,09/26/2012,04/02/2020,2.935483870967742,0.5,33.33333333333334,1,2012,10
656,ZIONL,35,11/26/2013,05/31/2022,2.914285714285714,0.434375,1.123598121376716,1,2013,9
657,NRC,5,06/29/2021,06/29/2022,2.8,0.24,100.0,0,2021,8
658,AY,23,11/28/2016,05/27/2022,3.0,0.44,53.37423312883436,1,2016,8
659,AGNC,119,06/30/2008,06/29/2022,1.411764705882353,0.12,222.5806451612903,2,2008,14
660,DHCNL,24,02/13/2017,11/14/2022,3.0,0.390625,0.0,1,2017,0
661,FORR,27,06/04/2012,12/11/2018,3.0,0.2,7.142857142857139,0,2012,12
662,NMRK,17,05/18/2018,05/13/2022,2.823529411764706,0.03,200.0,1,2018,4
663,HWC,101,06/03/1997,06/03/2022,3.0,0.27,100.0,3,1997,31
664,IEP,37,05/09/2013,05/19/2022,3.0,2.0,25.0,1,2013,17
665,TCBC,1,06/24/2022,06/24/2022,0.0,0.05,0.0,0,2022,0
666,PPBI,14,02/14/2019,05/05/2022,2.7857142857142856,0.33,13.63636363636364,1,2019,3
667,CGBD,21,06/28/2017,06/29/2022,2.857142857142857,0.4,54.054054054054035,1,2017,5
668,HBCP,31,12/04/2014,05/06/2022,2.870967741935484,0.23,20.0,1,2014,8
669,NICK,9,12/09/2011,09/18/2013,2.6666666666666665,0.12,1566.6666666666667,0,2011,19
670,SABR,23,08/27/2014,03/19/2020,2.9130434782608696,0.14,44.44444444444446,1,2014,8
671,IMBIL,3,12/14/2021,06/14/2022,2.0,0.53125,0.0,0,2021,1
672,MFIN,1,05/13/2022,05/13/2022,2.0,0.08,0.0,0,2022,26
673,OPI,51,10/21/2009,04/22/2022,2.9411764705882355,0.55,27.906976744186068,1,2009,13
674,SOHO,34,12/13/2011,03/12/2020,3.0,0.13,50.0,1,2011,17
675,ESQ,1,05/13/2022,05/13/2022,0.0,0.09,0.0,0,2022,0
676,GLBZ,88,06/30/2000,04/22/2022,3.0113636363636362,0.1,66.66666666666669,3,2000,24
677,DGICA,63,10/30/2006,04/29/2022,3.0,0.165,16.66666666666667,2,2006,21
678,ONEW,1,06/25/2021,06/25/2021,0.0,1.8,0.0,0,2021,1
679,SALM,32,06/13/2012,03/23/2020,3.0,0.025,42.85714285714283,1,2012,16
680,SCVL,41,06/28/2012,07/08/2022,2.951219512195122,0.09,2000.0,1,2012,10
681,PARA,66,02/24/2006,06/14/2022,2.9696969696969697,0.24,100.0,2,2006,16
682,III,4,09/03/2021,06/02/2022,3.0,0.04,33.33333333333334,0,2021,7
683,VSEC,137,10/26/1988,07/12/2022,2.9562043795620436,0.1,900.0000000000001,4,1988,34
684,BGCP,56,09/11/2008,05/18/2022,2.9285714285714284,0.01,133.33333333333337,2,2008,14
685,IAC,1,05/25/2021,05/25/2021,0.0,84.55188,0.0,0,2021,1
686,CEG,2,02/24/2022,05/12/2022,1.5,0.141,0.0,0,2022,0
687,HFBL,68,07/25/2005,04/29/2022,2.9558823529411766,0.1,33.33333333333334,2,2005,17
688,CSTR,16,07/30/2018,05/10/2022,2.875,0.1,66.66666666666669,1,2018,4
689,JD,1,05/19/2022,05/19/2022,0.0,1.26,0.0,0,2022,0
690,LANDM,17,02/16/2021,06/21/2022,0.9411764705882353,0.104167,0.0,0,2021,1
691,LYTS,36,08/29/2013,05/06/2022,3.0,0.05,100.0,1,2013,33
692,SEVN,42,12/21/2011,04/22/2022,3.0476190476190474,0.25,250.0,1,2011,15
693,MGEE,135,11/25/1988,05/31/2022,2.977777777777778,0.3875,4.964539007092199,4,1988,34
694,VNOM,31,11/19/2014,05/11/2022,2.903225806451613,0.67,233.33333333333337,1,2014,8
695,CNXC,4,10/21/2021,07/28/2022,2.25,0.25,0.0,0,2021,1
696,MOFG,57,05/29/2008,05/31/2022,2.9473684210526314,0.2375,41.666666666666686,2,2008,14
697,FBMS,45,05/10/2011,05/09/2022,3.0,0.18,40.0,1,2011,18
698,TECH,55,10/30/2008,05/13/2022,2.963636363636364,0.32,7.142857142857139,2,2008,14
699,GEG,1,06/13/2007,06/13/2007,0.0,1.2,0.0,0,2007,15
700,SNY,1,05/26/2022,05/26/2022,0.0,0.2971788,-83.46021603211219,0,2022,19
701,RNWK,1,08/24/2011,08/24/2011,0.0,1.0,0.0,0,2011,11
702,LAUR,2,11/01/2021,12/13/2021,0.5,0.58,0.0,0,2021,1
703,VC,1,01/25/2016,01/25/2016,0.0,43.4,0.0,0,2016,6
704,CCBG,33,06/05/2014,06/03/2022,3.0,0.16,50.0,1,2014,25
705,KEQU,91,02/26/1997,09/09/2019,3.010989010989011,0.19,25.0,2,1997,34
706,COWN,10,02/28/2020,05/31/2022,2.7,0.12,100.0,1,2020,2
707,PAGP,34,01/29/2014,04/28/2022,2.911764705882353,0.2175,166.34382566585964,1,2014,8
708,EGLE,3,11/12/2021,05/13/2022,2.0,2.0,2.499999999999986,0,2021,1
709,TILE,61,05/09/2007,06/02/2022,3.0,0.01,300.0,2,2007,34
710,YORW,95,12/29/1998,06/29/2022,2.968421052631579,0.1949,7.692307692307693,3,1998,24
711,EXPO,38,03/06/2013,06/09/2022,2.9210526315789473,0.24,66.66666666666669,1,2013,9
712,TAIT,24,08/11/2016,05/12/2022,3.0,0.145,222.22222222222217,1,2016,15
713,STAF,4,02/14/2019,12/12/2019,2.5,0.01,0.0,0,2019,3
714,OAS,10,03/05/2021,07/01/2022,1.6,15.0,966.6666666666667,0,2021,1
715,DALN,47,08/10/2011,08/11/2022,2.872340425531915,0.16,2712.5,1,2011,14
716,XOMAO,5,07/01/2021,06/30/2022,2.2,0.52344,0.00047761194029760645,0,2021,1
717,LOB,28,09/23/2015,05/27/2022,2.857142857142857,0.03,100.0,1,2015,7
718,CBAN,21,05/31/2017,05/05/2022,3.0,0.1075,100.0,1,2017,24
719,PAYX,35,10/30/2013,05/11/2022,3.0285714285714285,0.79,19.69696969696969,1,2013,34
720,STBA,120,06/25/1992,05/04/2022,2.9916666666666667,0.3,16.66666666666667,3,1992,30
721,XEL,45,06/21/2011,06/14/2022,3.0,0.4875,7.142857142857139,1,2011,22
722,OSBC,24,07/27/2016,04/28/2022,3.0,0.05,400.0,1,2016,29
723,MDLZ,83,12/20/2001,06/29/2022,2.963855421686747,0.35,20.0,3,2001,21
724,KINS,44,08/26/2011,05/27/2022,2.9318181818181817,0.04,33.33333333333334,1,2011,11
725,MVBF,18,03/01/2018,05/31/2022,2.7777777777777777,0.17,40.0,1,2018,4
726,CG,40,08/16/2012,05/09/2022,2.925,0.325,906.25,1,2012,10
727,NYMTM,8,09/30/2020,06/30/2022,3.0,0.4921875,0.0,1,2020,3
728,BRKL,96,07/29/1998,05/12/2022,2.9791666666666665,0.13,235.29411764705878,3,1998,24
729,FTAIN,5,05/28/2021,05/31/2022,2.4,0.51563,12.501909104793498,0,2021,1
730,TUSK,4,08/06/2018,05/09/2019,2.25,0.125,0.0,0,2018,4
731,WSBF,40,04/09/2014,07/08/2022,2.475,0.2,316.6666666666667,1,2014,8
732,GSBC,132,04/20/1990,06/24/2022,2.9242424242424243,0.4,373.33333333333337,4,1990,32
733,EWCZ,1,04/21/2022,04/21/2022,0.0,3.3,0.0,0,2022,0
734,COHR,1,12/17/2012,12/17/2012,0.0,1.0,0.0,0,2012,10
735,OCSL,103,09/03/2009,06/14/2022,1.5242718446601942,0.165,525.0,1,2009,14
736,ULH,6,02/26/2021,06/03/2022,3.0,0.105,0.0,0,2021,13
737,HNVR,1,06/17/2022,06/17/2022,0.0,0.1,0.0,0,2022,0
738,PETS,53,08/12/2009,05/19/2022,2.8867924528301887,0.3,566.6666666666667,1,2009,13
739,TCFC,38,03/14/2013,07/11/2022,3.0,0.175,25.0,1,2013,0
740,PFIN,16,03/29/2016,02/21/2020,2.9375,0.05,0.0,1,2016,27
741,ESGRO,14,02/14/2019,05/12/2022,2.7857142857142856,0.4375,0.0,1,2019,3
742,OXSQL,21,06/13/2017,06/14/2022,2.857142857142857,0.40625,15.384613199817963,1,2017,5
743,GPRE,24,09/03/2013,05/23/2019,2.8333333333333335,0.12,100.0,0,2013,9
744,FARM,91,10/17/1988,01/26/2011,2.934065934065934,0.06,20.0,3,1988,34
745,PKBK,32,10/09/2014,07/01/2022,3.0,0.16,25.0,1,2014,16
746,WERN,139,06/26/1989,07/01/2022,2.870503597122302,0.13,4100.0,4,1989,34
747,AMAL,15,11/15/2018,05/10/2022,2.8,0.08,33.33333333333334,1,2018,4
748,CFFN,120,05/03/1999,06/09/2022,2.275,0.2,700.0,3,1999,23
749,FUND,29,06/12/2015,06/10/2022,2.9310344827586206,0.1389,228.03514376996804,1,2015,33
750,SBLK,4,08/20/2021,06/02/2022,3.25,1.65,133.33333333333334,0,2021,14
751,SLP,36,08/08/2013,04/22/2022,2.9722222222222223,0.06,33.33333333333334,1,2013,10
752,KFRC,34,03/12/2014,06/09/2022,3.0,0.3,50.0,1,2014,10
753,AROW,115,11/24/1993,05/31/2022,2.991304347826087,0.27,37.5,3,1993,34
754,SGA,4,10/07/2021,06/10/2022,3.0,0.2,312.5,0,2021,10
755,KRNY,29,11/30/2015,05/10/2022,2.7586206896551726,0.11,300.0,1,2015,17
756,UFCS,70,05/27/2005,06/02/2022,2.9714285714285715,0.16,867.741935483871,2,2005,34
757,BSET,9,11/12/2020,05/12/2022,2.3333333333333335,0.14,971.4285714285713,1,2020,34
758,EBTC,65,05/09/2006,05/10/2022,3.0,0.205,14.285714285714278,2,2006,17
759,GILD,29,06/12/2015,06/14/2022,2.896551724137931,0.73,10.63829787234043,1,2015,7
760,PCSB,17,05/10/2018,05/12/2022,2.823529411764706,0.07,50.0,1,2018,4
761,BPYPO,11,11/29/2019,05/31/2022,2.727272727272727,0.3984375,0.0,1,2019,3
762,OXLCM,62,07/13/2017,08/16/2022,0.9838709677419355,0.140625,0.0,1,2017,5
763,AMTB,3,12/21/2021,05/12/2022,1.6666666666666667,0.09,50.0,0,2021,1
764,FDUS,47,09/08/2011,06/09/2022,2.74468085106383,0.43,875.0,1,2011,11
765,OMAB,2,01/14/2022,05/20/2022,2.5,1.8212125,129.2855713195157,0,2022,15
766,AEIS,6,02/19/2021,05/20/2022,2.5,0.1,0.0,0,2021,1
767,SBAC,12,08/27/2019,05/18/2022,2.75,0.71,25.675675675675677,1,2019,3
768,HTLF,100,12/09/1998,05/12/2022,2.81,0.27,220.0,3,1998,24
769,PAHC,32,08/29/2014,05/31/2022,2.90625,0.12,20.0,1,2014,8
770,GAIN,218,07/19/2005,06/21/2022,0.9311926605504587,0.075,133.33333333333337,2,2005,17
771,USLM,34,05/28/2014,05/26/2022,2.911764705882353,0.2,3862.9629629629626,1,2014,27
772,ALOT,117,05/10/1991,03/25/2020,2.9572649572649574,0.07,50.0,3,1991,31
773,UIHC,37,03/18/2013,03/08/2022,3.0,0.06,33.33333333333334,1,2013,13
774,KLIC,17,06/27/2018,06/22/2022,2.823529411764706,0.17,21.428571428571416,1,2018,4
775,FTAIO,10,03/06/2020,05/31/2022,2.6,0.5,0.0,1,2020,2
776,OCC,21,11/03/2010,10/28/2015,2.8095238095238093,0.02,50.0,0,2010,12
777,LMST,1,06/16/2022,06/16/2022,3.0,0.05,0.0,0,2022,16
778,PGC,50,02/02/2010,05/11/2022,3.02,0.05,0.0,1,2010,22
779,BFIN,33,08/11/2014,05/12/2022,2.909090909090909,0.1,100.0,1,2014,16
780,TRIP,1,11/19/2019,11/19/2019,0.0,3.5,0.0,0,2019,3
781,COFS,10,03/12/2020,06/14/2022,2.7,0.25,13.63636363636364,1,2020,2
782,OXSQZ,13,07/12/2019,07/14/2022,2.769230769230769,0.390625,0.0,1,2019,3
783,TAYD,1,12/04/1989,12/04/1989,0.0,0.02,0.0,0,1989,33
784,FFWM,14,02/28/2019,05/05/2022,2.7857142857142856,0.11,40.0,1,2019,3
785,GCBC,59,11/13/2007,05/12/2022,3.0,0.13,114.2857142857143,2,2007,22
786,JJSF,71,12/13/2004,06/16/2022,2.9577464788732395,0.633,100.0,2,2004,18
787,VINP,4,08/31/2021,05/23/2022,2.25,0.17,25.0,0,2021,1
788,LGND,1,04/03/2007,04/03/2007,0.0,2.5,0.0,0,2007,15
789,BHFAM,2,03/09/2022,06/09/2022,1.5,0.2890625,0.0,0,2022,0
790,SSSS,10,10/02/2020,03/24/2022,1.9,0.11,900.0,1,2020,6
791,DGICB,63,10/30/2006,04/29/2022,3.0,0.1475,19.354838709677423,2,2006,34
792,HNNA,37,05/22/2013,05/20/2022,3.027027027027027,0.1375,33.33333333333334,1,2013,0
793,ISAA,5,07/07/2021,07/07/2022,2.4,0.05,0.0,0,2021,1
794,BELFA,77,07/11/2003,07/14/2022,2.961038961038961,0.06,50.0,2,2003,19
795,MKSI,46,02/25/2011,05/26/2022,2.9347826086956523,0.22,11.111111111111114,1,2011,11
